greg,0.0
phil,1.7320508075688772
arden,1.7320508075688772
